rank,fabrica,plataforma,tienda_url,tipo_y_badge,anios,rating,n_resenas,respuesta,entrega_a_tiempo,recompra,certificaciones,pulsera_destacada,precio_usd,moq,sdk_estado,sdk_evidencia,p_sdk_40,p_resenas_25,p_fabrica_20,p_producto_15,puntaje_5,comentario
1,Shenzhen Youhong Technology (J-Style / JCVital),Alibaba,https://jointcorp.en.alibaba.com,"Verified Manufacturer (7 líneas propias, 56 ingenieros I+D)",14,4.5-4.6,99-106,<=6-7 h,90.7-92.4 %,51-54 %,ISO (directorio); CE/FCC A CONFIRMAR,"'API/SDK Opened Smart Bracelet 1810' | 2208A sin pantalla (Nordic, IP68, 30 días de memoria)",1810: 11.50-14 | 2208A: 13.90-32,1810: 100 | 2208A: 1,"Abierto, gratis, a pedido (fabricante)",https://www.jointcorp.com/sdk-api/ ; ficha 2208A 'Free SDK',4,4,5,5,4.35,"La mejor combinación: fábrica con trayectoria, 50 % de recompra y pulseras pensadas para integrarse con apps de terceros."
2,Shenzhen DO Intelligent Technology (IDO / VeryFit),Made-in-China + Alibaba (productos VeryFit),https://www.made-in-china.com/showroom/ninatang/ | Alibaba: tienda A CONFIRMAR (vende relojes IDW13/IDW20),"Fabricante (500+ empleados, 70+ en I+D; 12 líneas, >1M u/mes)",Desde 2014 (Alibaba 12+ según directorio),A CONFIRMAR,A CONFIRMAR,A CONFIRMAR,A CONFIRMAR,A CONFIRMAR,"ISO 9001, CE, RoHS, FCC, BSCI (MIC)","Heart Rate Intelligent Tracker / Heart Rate Smart Activity Tracker / 0.96"" Smart Band",13.80-15 | 15-18,1.000,"Abierto y PÚBLICO (iOS, Android, Flutter)",https://github.com/idoosmart ; https://idoosmart.github.io/Flutter_GitBook/en/,5,2,5,4,4.1,Es el SDK más fácil de evaluar. MOQ justo 1.000 en MIC. Riesgo: no tiene autenticación BLE (reporte de 2025). Contacto MIC: Nina Tang.
3,Shenzhen Xunchitong Technology,Alibaba,https://xusiton.en.alibaba.com,Verified Manufacturer; FCC,6-7,4.5,458-614,<=2 h,98.3 %,120 % (métrica de Alibaba),FCC,S01 sin pantalla (menciona SDK); HK88 (FitCloudPro),S01: 11.60-12.99,1,Mención de SDK en el listado + modelos FitCloudPro,Directorio de Alibaba; https://github.com/htangsmart,3,5,4,4,3.85,Muchísimas reseñas y buena entrega. Confirmar qué SDK usa la S01.
4,Shenzhen Simple Fun Technology,Alibaba,https://simplefun.en.alibaba.com,Verified Manufacturer; Trade Assurance,6-8,4.1-4.8,104-185,<=3 h,97.4 %,16 %,A CONFIRMAR,ZW65 (app FitCloudPro); Y25/S01 sin pantalla,ZW65: 7.55-9.75 | Y25: 9.30-12.30,10,Público vía FitCloudPro (solo en sus modelos FitCloudPro),https://github.com/htangsmart (FitCloudPro SDK),4,4,3,4,3.8,"Lo más barato con un SDK público verificable, pero el modelo FitCloudPro es un reloj y no una pulsera. Confirmar si alguna pulsera usa FitCloudPro."
5,Shenzhen Shunxiang Industry,Alibaba,https://dykj.en.alibaba.com,Verified Manufacturer,15,4.7,154,<=3 h,97.3 %,39 %,A CONFIRMAR,G69 sin pantalla ('Sport Smart Bracelet SDK'),9.80-10.80,5,SDK anunciado,Directorio de Alibaba,2,5,5,4,3.65,Muy buena reputación. El G69 es un modelo genérico: averiguar de quién es el firmware.
6,Shenzhen Yawell Intelligent Technology (QRing/Colmi),Alibaba,https://yawell.en.alibaba.com,Verified Manufacturer (6 líneas propias; grupo con 900+ empleados),6,4.7-4.8,59-61,<=4-5 h,93.6-94.5 %,18-24 %,"ISO, BSCI; CE, FCC, RoHS",Y25 / Y28C sin pantalla,Y25: 10.93-11.25 | Y28C: 11.13-11.55,Y25: 100 | Y28C: 1.000,'Custom OEM SDK' anunciado (anillo) + protocolo documentado por la comunidad,https://gadgetbridge.org/gadgets/rings/yawell/,3,4,4,4,3.6,Fábrica grande con buenas reseñas. Hay que pedir el SDK oficial para pulseras.
7,Shenzhen Tianpengyu Technology (Spovan),Alibaba,https://spovan.en.alibaba.com,Verified Manufacturer,13,4.5-4.6,71-222,<=2 h,96.3-97 %,34-49 %,A CONFIRMAR,OEM PPG ECG Smart Band (SDK/API); pulsera sin pantalla,18-19 | 12.49-12.89,5-8,SDK/API anunciado,Directorio de Alibaba 'with SDK & API',2,4,5,4,3.4,"Fábrica muy confiable (13 años, alta recompra). Falta ver la documentación del SDK."
8,Shenzhen Starmax Technology,Alibaba + Made-in-China,https://istarmax.en.alibaba.com | https://www.made-in-china.com/showroom/fitnesstracker,Verified Manufacturer (450+ empleados),11,4.3-4.5,37-43,<=1 h,74.8-82.5 %,<15 %,"ISO 9001, ISO 14001, BSCI; CE, FCC, RoHS, MSDS","'SDK API New Arrival Fitness Tracker S5' (0.96"" táctil, IP68)",9.39-11.05,20-22,Gratis a pedido ('free SDK guide'),https://istarmax.com/service/oem-and-odm/,3,3,3,5,3.3,La pulsera con pantalla mejor certificada. Entrega a tiempo baja. Logo de arranque recién desde 5.000 unidades.
9,Shenzhen Yiqun Technology,Alibaba,https://shenzhenyq.en.alibaba.com,Verified; Trade Assurance,11,4.6,159,A CONFIRMAR,A CONFIRMAR,A CONFIRMAR,"CE, RoHS (anuncio)",Fitness Tracker 'with SDK and API'; ES02 (app control),ES02: 17-17.90,100,SDK/API anunciado; figura como proveedor FitCloudPro,Directorios de Alibaba,3,4,3,3,3.25,Confirmar si sus pulseras usan FitCloudPro (SDK público).
10,Shenzhen Staranb Communication Technology,Made-in-China,https://staranb.en.made-in-china.com,Diamond Member + Audited Supplier (I+D propio; 6 líneas; 3.000 m2),Diamond desde 2022,A CONFIRMAR,A CONFIRMAR,A CONFIRMAR,A CONFIRMAR,A CONFIRMAR,"CE, RoHS",'New Nordic Chip Custom SDK Screenless Fitness Tracker' / 'OEM Reprogrammable SDK IP68 Wristband',9.80-24.50 según modelo,10-1.000,SDK a medida anunciado (con chip Nordic),Listados en MIC,3,2,4,5,3.25,"Es la mejor opción en Made-in-China: auditada, con chip Nordic y SDK anunciado. Falta ver documentación y reseñas."
11,Shenzhen Ovesse Technology,Alibaba,https://ovesse.en.alibaba.com,Proveedor (Top 20 % en consultas),8-9,4.8-4.9,8-70,<=1 h,100 %,<15 %,A CONFIRMAR,'Fitness Wristband Programmable with API/SDK'; pulsera sin pantalla,15-16 | 15.30-16.50,1.000 | 30,API/SDK anunciado + reloj FitCloudPro,Directorio de Alibaba,3,3,3,3,3.0,"Pocas reseñas, pero perfectas. Más caro."
12,Shenzhen Karen M Electronics,Alibaba,https://cnkaren.en.alibaba.com,Verified Manufacturer,10,4.6-4.7,84-364,<=4 h,99.4 %,37 %,A CONFIRMAR,Y105 sin pantalla; ES02 ECG,Y105: 11.50-11.90,100,No se menciona,-,1,4,5,4,3.0,Excelente entrega. Preguntar por SDK.
13,Shenzhen Vivistar Technology,Alibaba,https://vivistartech.en.alibaba.com,Verified Manufacturer; ISO/BSCI,8,4.7,69-71,<=3 h,81.1-81.5 %,20 %,"ISO, BSCI, FCC",VY25/VY26 sin pantalla,10.50-17.90,10,"SDK anunciado en relojes (VX3Plus, GPS)",Directorio de Alibaba,2,4,3,4,3.0,Entrega a tiempo baja.
14,Shenzhen Smart Care Technology,Alibaba,https://smartcare.en.alibaba.com,Verified Manufacturer (9 líneas propias),10-11,4.8,28,<=5 h,92.2-94.4 %,23-24 %,"ISO, FCC, RoHS","B10 sin pantalla (BLE 5.3, 12 días, 3ATM)",7.42-8.43,1.000,No se menciona,-,1,3,4,5,2.7,"Muy barata, pero sin SDK no sirve para Pasito."
15,Guangdong Eternity Electronics,Alibaba,https://eternitytech.en.alibaba.com,Proveedor verificado,2,4.8,26,<=2 h,93.9-94.1 %,<15 %,A CONFIRMAR,'Screenless Smart Bracelet with SDK',13.69-13.99,10,SDK anunciado,Directorio de Alibaba,2,3,2,4,2.55,Joven.
16,Shenzhen Lida Industrial Development,Alibaba,https://ldsy613888.en.alibaba.com,Proveedor (no fabricante; vende fundas y cables),2,4.8,236,<=1 h,99 %,49 %,A CONFIRMAR,P11 (SDK),21.60-22.50,1-10,SDK anunciado,Directorio de Alibaba,2,4,2,2,2.5,Trading; caro.
17,Yuanzhou Wisdom (Shenzhen) Technology,Made-in-China,https://yuanzhou-smart.en.made-in-china.com,Diamond desde 2026; Audited,Desde 2018,A CONFIRMAR,A CONFIRMAR,A CONFIRMAR,A CONFIRMAR,A CONFIRMAR,A CONFIRMAR,HK13 'Nordic Chip Custom SDK Screenless',18.99-22.68,500,SDK anunciado,Listado en MIC,2,2,3,3,2.35,El catálogo es sobre todo audio y gafas.
18,Blackrhino Technology Limited,Made-in-China,https://blackrhinotechnology.en.made-in-china.com,Gold Member desde 2026 (Hong Kong); auditoría inconsistente,<1,A CONFIRMAR,A CONFIRMAR,A CONFIRMAR,A CONFIRMAR,A CONFIRMAR,A CONFIRMAR,'OEM/ODM Screenless Smart Bracelet with SDK API Custom Logo',10.50-18.50,100,SDK/API anunciado,Listados en MIC,2,2,1,4,2.1,"Probable trading de Hong Kong, nueva en la plataforma."
19,Shenzhen Tianyu Zhixing Technology,Alibaba,https://louisray.en.alibaba.com,Proveedor,1,4.2,7,<=2 h,82.6-85.7 %,<15 %,A CONFIRMAR,B03 'Customized SDK Bracelet',12.32-14.49,1,SDK anunciado,Directorio de Alibaba,2,2,1,4,2.1,Muy nuevo.
20,Shenzhen Risinno Gift,Made-in-China,https://szrisinno.en.made-in-china.com,Gold + Audited,A CONFIRMAR,A CONFIRMAR,A CONFIRMAR,A CONFIRMAR,A CONFIRMAR,A CONFIRMAR,A CONFIRMAR,G69 / H59 PRO sin pantalla,9.60-25,1-50,No,-,1,2,3,4,2.1,Sin SDK.
21,Shenzhen Maikodi Technology,Alibaba,https://mecoly.en.alibaba.com,Proveedor,1,4.3-4.7,9-456,<=2 h,90.5 %,<15 %,A CONFIRMAR,E500 ECG sin pantalla ('SDK and API included'),24-27,1,SDK/API anunciado,Directorio de Alibaba,2,2,1,2,1.8,Caro y nuevo.
