id,proveedor,marca_ecosistema_app,producto_referencia,link_tienda,link_sdk_docs,tipo_proveedor,anios_plataforma,verificado,rating_resenas,tiempo_respuesta,entrega_a_tiempo,sdk_plataformas,sdk_lenguajes,sdk_docs_demo,datos_accesibles,sync_tiempo_real_historico,sdk_costo_licencia,depende_servidor_china,firmware_espanol_logo_arranque,filtro_antitrampa,chipset,bateria_autonomia,resistencia_agua,pantalla,carga,peso,precio_muestra_envio,precio_unitario_1000,moq,costo_logo_packaging,tiempo_produccion,certificaciones,req1_sdk,req2_oem_logo,req3_moq_1000,req4_muestra,estado,p_sdk_35,p_proveedor_20,p_precio_20,p_hardware_15,p_cert_10,puntaje_final_5,notas_riesgos
3,"Shenzhen DO Intelligent Technology Co., Ltd. (IDO)",IDO (app VeryFit),"Bandas IDO (Veryfit Pulse Band, IDB05, KR05, KR01): modelo A CONFIRMAR",https://www.idoosmart.com/products.html | tienda Alibaba A CONFIRMAR,https://github.com/idoosmart | https://idoosmart.github.io/Flutter_GitBook/en/ | https://idoosmart.github.io/IDOGitBook/en/,Fabricante (desde 2014; ~1.300 empleados; 21 líneas propias),"12+ años (Alibaba, según directorio)",Verified Manufacturer (según directorio),A CONFIRMAR,A CONFIRMAR,A CONFIRMAR,"Android, iOS, Flutter, HarmonyOS","Kotlin (demo nativa), Obj-C (iOS), Dart (Flutter)",GitBooks públicos EN + demos nativas y Flutter en GitHub; doc actualizada en 2026,"Pasos, FC, sueño, SpO2, PA, temperatura, respiración, estrés, deportes/GPS",Tiempo real e histórico (según doc),A CONFIRMAR (la doc menciona registro de la librería de protocolo),No para BLE (según doc) A CONFIRMAR,A CONFIRMAR,A CONFIRMAR,A CONFIRMAR (comunidad: protocolo Realtek 0x0AF0),A CONFIRMAR,A CONFIRMAR,A CONFIRMAR,A CONFIRMAR,A CONFIRMAR,A CONFIRMAR,"Desde USD 10.99-11.79 (MOQ 10, según directorio de Alibaba) A CONFIRMAR",10 unidades (estándar) A CONFIRMAR,A CONFIRMAR,A CONFIRMAR,A CONFIRMAR,Cumple (SDK público),"Cumple (logo en pulsera, caja, manual)",A CONFIRMAR (probable),A CONFIRMAR,Preseleccionado,4,5,4,3,3,3.95,"Riesgo de seguridad: un investigador (sprocketfox.io, feb-2025) mostró que los relojes IDO no tienen autenticación BLE, así que cualquiera puede conectarse y leer o escribir. Pedir mitigación (bonding/cifrado)."
1,"Shenzhen Youhong Technology Co., Ltd. (Joint Chinese Ltd / J-Style / JCVital)",J-Style / JCVital (app JCVital / JClife),JCVital / J-Style 2208A (pulsera sin pantalla),https://jointcorp.en.alibaba.com | https://www.jointcorp.com/product/2208a-smart-health-band/,https://www.jointcorp.com/sdk-api/ (SDK se entrega a pedido; no hay repo público verificado),Fabricante (Verified Manufacturer en Alibaba),14 años,Verified Manufacturer; Trade Assurance A CONFIRMAR,4.5-4.6/5 (~100 reseñas),<=6-7 h,90.7-92.4 %,"Android, iOS, Windows, macOS; Flutter y React Native según el fabricante (A CONFIRMAR)",Nativo Android/iOS (lenguaje exacto A CONFIRMAR); Flutter/RN A CONFIRMAR,Docs y ejemplos a pedido (no públicos). Calidad A CONFIRMAR,"Pasos, distancia, calorías, FC, HRV, SpO2, sueño por etapas, temperatura; el fabricante dice que da acceso a datos crudos de PPG/acelerómetro (A CONFIRMAR)",Tiempo real + histórico; memoria de 30 días en la pulsera,SDK gratis según la web. Una guía de Alibaba menciona ~USD 1.200/año por soporte prioritario: A CONFIRMAR,No para BLE (ofrecen una nube opcional con OAuth/API keys). A CONFIRMAR,Sin pantalla: no aplica el idioma en pantalla. Logo serigrafiado en la malla/hebilla y animación de arranque OEM (FAQ 2208),A CONFIRMAR (no está documentado; el acceso a datos crudos permitiría un filtro propio),Nordic (nRF52 según las fichas de la marca) + PPG Maxim + acelerómetro Bosch 6D,90-95 mAh; 7-10 días,IP68 (5ATM según la ficha comercial),Sin pantalla (LED RGB),Cargador USB magnético,A CONFIRMAR,Muestra USD 13.90-37 + envío A CONFIRMAR (muestra despachada en ~3 días hábiles),USD 9.90-13.90 (Global Sources / directorio de Alibaba) A CONFIRMAR,1 unidad (estándar); MOQ OEM A CONFIRMAR,A CONFIRMAR,15-25 días hábiles con 30 % de anticipo (ficha) / 6-8 semanas (FAQ),La web tiene sección de certificaciones; CE/FCC/RoHS/BQB/UN38.3/MSDS A CONFIRMAR,"Cumple (SDK nativo gratuito, a pedido)",Cumple,Cumple,Cumple,Preseleccionado,4,4,3,4,3,3.7,Chip Nordic y memoria de 30 días: muy adecuado. Sin pantalla: el usuario no ve sus pasos en la muñeca. SDK no público: evaluar calidad real antes de pagar.
7,Shenzhen Smart Care Technology Limited,A CONFIRMAR,B10 No Screen Wellness Band,https://smartcare.en.alibaba.com,A CONFIRMAR,Fabricante (9 líneas propias),10-11 años,Verified Manufacturer,4.8/5 (28 reseñas),<=5 h,92.2-94.4 %,A CONFIRMAR,A CONFIRMAR,A CONFIRMAR,"Pasos, SpO2, HRV, sueño (ficha)",A CONFIRMAR,A CONFIRMAR,A CONFIRMAR,A CONFIRMAR,A CONFIRMAR,A CONFIRMAR,12 días,3ATM,Sin pantalla,A CONFIRMAR,A CONFIRMAR,A CONFIRMAR,USD 7.42-8.43 (MOQ 1.000),1.000,A CONFIRMAR,A CONFIRMAR,"ISO, FCC, RoHS (directorio)",A CONFIRMAR,Cumple (OEM/ODM),Cumple (justo 1.000),A CONFIRMAR,Condicional (requiere SDK),2,4,5,4,4,3.5,Es el precio más bajo para 1.000 unidades. Hay que confirmar SDK y si vende una muestra suelta (MOQ 1.000).
5,"Shenzhen Starmax Technology Co., Ltd.",Starmax (app Runmefit),"S5 Fitness Tracker 'SDK API' (0.96"" táctil)",https://istarmax.en.alibaba.com | https://istarmax.com/service/oem-and-odm/,'Free SDK guide' a pedido; sin repo público verificado,"Fabricante (450+ empleados, fábrica de 6.000 m2)",11 años,Verified Manufacturer,4.3-4.5/5 (37-43 reseñas),<=1 h,74.8-82.5 % (bajo),"Android, iOS A CONFIRMAR",A CONFIRMAR,A CONFIRMAR (guía SDK gratuita),"Pasos, distancia, calorías, FC, SpO2, PA, temperatura, sueño (según ficha). Acceso por SDK A CONFIRMAR",A CONFIRMAR,SDK gratis (web); app a medida: consultar,A CONFIRMAR,UI con español; logo en arranque gratis pero MOQ 5.000,A CONFIRMAR,A CONFIRMAR (sus relojes usan JieLi JL7012),105 mAh; A CONFIRMAR,IP68,"0.96"" táctil",A CONFIRMAR,A CONFIRMAR,A CONFIRMAR,USD 9.39-11.05 (MOQ 20-22),20-110 unidades según modelo; 'Band 4' MOQ 1.100,Logo en hebilla/caja: gratis (MOQ 100). Caja/manual personalizado: USD 0.20-0.40 (MOQ 1.000). Logo de arranque: MOQ 5.000,A CONFIRMAR,"CE, RoHS, FCC; ISO9001, BSCI",A CONFIRMAR (anunciado),Cumple (pulsera/caja); arranque no a 1.000,Cumple,Cumple (MOQ bajo),Preseleccionado,3,3,4,3,4,3.3,Entrega a tiempo baja (75-83 %). Con 1.000 unidades no se puede poner el logo en el arranque. SDK no público.
2,"Shenzhen Veepoo Technology Co., Ltd. (维亿魄)",Veepoo (app H Band / VeryFit-like),"Pulsera de catálogo Veepoo (modelo A CONFIRMAR, p.ej. serie F/B con nRF52832)",A CONFIRMAR (no se encontró tienda oficial en Alibaba/MIC; ubicar fabricante socio que use H Band),"https://github.com/HBandSDK (Android_Ble_SDK, iOS_Ble_SDK, wiki EN/CN)",Fabricante / casa de soluciones (A CONFIRMAR),A CONFIRMAR,A CONFIRMAR,A CONFIRMAR,A CONFIRMAR,A CONFIRMAR,"Android, iOS, WeChat Mini Program, HarmonyOS, uni-app",Android: AAR (Java/Kotlin); iOS: framework Obj-C con ejemplos en Swift,"Repos públicos, licencia Apache-2.0, wiki bilingüe, app demo; commits activos (sep-2026)","Pasos, distancia, calorías, FC, sueño (normal y preciso), SpO2, temperatura, PA, ECG; arrays crudos PPG/ECG en datos originales",Pasos en tiempo real (veepooSDKGetStepDataWithDate) + histórico en tramos de 5 min; los días guardados dependen del modelo (saveDays),Gratis (Apache-2.0). El README dice 'solo para clientes que cooperan',No para salud/pasos; sí para el mercado de esferas (VPMarketDialManager),Español soportado por API (código 7). Logo de arranque A CONFIRMAR,A CONFIRMAR (no documentado),Nordic nRF52832 (solución SpO2 de Veepoo) / JieLi / Goodix según modelo,A CONFIRMAR,A CONFIRMAR,A CONFIRMAR,A CONFIRMAR,A CONFIRMAR,A CONFIRMAR,A CONFIRMAR,A CONFIRMAR,A CONFIRMAR,A CONFIRMAR,A CONFIRMAR,Cumple (verificado en GitHub),A CONFIRMAR,A CONFIRMAR,A CONFIRMAR,Preseleccionado (falta ubicar vendedor),5,2,2,3,2,3.2,Es el mejor SDK público verificado. Riesgo: canal de compra no identificado; Veepoo suele vender vía fabricantes socios. Pedir a cada vendedor de 'H Band' que confirme que el firmware es Veepoo.
6,"Shenzhen Yawell Intelligent Technology Co., Ltd.",QRing / QWatch (marca Colmi),Y25 Smart Bracelet / Y28C sin pantalla,https://yawell.en.alibaba.com,SDK oficial A CONFIRMAR. Protocolo documentado por la comunidad: https://gadgetbridge.org/gadgets/rings/yawell/,"Fabricante (3 fábricas, 900+ empleados, 16 líneas, 1M u/mes)",6 años,Verified Manufacturer,4.8/5 (61 reseñas),<=5 h,94.5 %,A CONFIRMAR,A CONFIRMAR,"Solo documentación comunitaria (Gadgetbridge, clientes open-source para anillos Colmi)","Pasos, FC, SpO2, sueño (comunidad)",A CONFIRMAR,A CONFIRMAR,A CONFIRMAR,A CONFIRMAR,A CONFIRMAR,A CONFIRMAR,A CONFIRMAR,A CONFIRMAR,Sin pantalla,A CONFIRMAR,A CONFIRMAR,A CONFIRMAR,Y25: USD 10.93-11.25 (MOQ 100); Y28C: USD 11.13-11.55 (MOQ 1.000),100-1.000,A CONFIRMAR,A CONFIRMAR,"CE, FCC, RoHS",A CONFIRMAR (solo protocolo de comunidad),Cumple (OEM/ODM),Cumple,A CONFIRMAR,Condicional (requiere SDK oficial),2,4,4,3,4,3.15,"Proveedor sólido y barato, pero sin SDK oficial verificado. Basarse en ingeniería inversa no es aceptable para producción."
4,"Ecosistema FitCloudPro (Shenzhen Topstep) vía fabricante socio, p.ej. Shenzhen Azhuo Digital / Shenzhen Yiqun",FitCloudPro (Topstep / htangsmart),Pulsera compatible FitCloudPro (modelo A CONFIRMAR),https://azhuo.en.alibaba.com | https://shenzhenyq.en.alibaba.com (A CONFIRMAR: confirmar que el modelo use FitCloudPro),https://github.com/htangsmart/FitCloudPro-SDK-Android | https://github.com/htangsmart/FitCloudPro-SDK-iOS,SDK: casa de software (Topstep); hardware: fabricante socio,Yiqun 11 años; Azhuo A CONFIRMAR,Yiqun: Verified (directorio),Yiqun 4.6/5,A CONFIRMAR,A CONFIRMAR,"Android, iOS",Android: Kotlin/Java + RxJava3; iOS: Obj-C framework + demo Swift,"Repos públicos con wiki (17 páginas), demos; iOS con licencia MIT; Android v3.0.2.7 del 17-sep-2026","Pasos, sueño (con REM), FC, SpO2, PA, temperatura, estrés, deportes, ECG, GPS",Tiempo real ('RealTime data') + sync histórico; pasos cada ~5 min,Gratis en GitHub; licencia Android A CONFIRMAR,El SDK Android se descarga de un repositorio Maven en IP china por HTTP inseguro (120.78.153.20). Hay que espejarlo,A CONFIRMAR,A CONFIRMAR,Realtek / Nordic (según SDK),A CONFIRMAR,A CONFIRMAR,A CONFIRMAR,A CONFIRMAR,A CONFIRMAR,A CONFIRMAR,A CONFIRMAR,A CONFIRMAR,A CONFIRMAR,A CONFIRMAR,A CONFIRMAR,Cumple (SDK público),Cumple (directorio: logo/paquete/color),A CONFIRMAR,A CONFIRMAR,Preseleccionado,4,3,2,3,2,3.05,Hay dos partes (Topstep da el SDK y otro fabrica): definir quién da soporte. SDK orientado a smartwatches con muchas funciones extra.
12,"Shenzhen Yiqun Technology Co., Limited",FitCloudPro (algunos modelos) A CONFIRMAR,Fitness Tracker 'with SDK and API' / ES02,https://shenzhenyq.en.alibaba.com,Si es FitCloudPro: https://github.com/htangsmart,Fabricante A CONFIRMAR,11 años,Verified (directorio),4.6/5 (159 reseñas),A CONFIRMAR,A CONFIRMAR,"Android, iOS A CONFIRMAR",A CONFIRMAR,A CONFIRMAR,"ECG, FC, sueño (ficha)",A CONFIRMAR,A CONFIRMAR,A CONFIRMAR,A CONFIRMAR,A CONFIRMAR,A CONFIRMAR,A CONFIRMAR,IP68,A CONFIRMAR,A CONFIRMAR,A CONFIRMAR,A CONFIRMAR,ES02: USD 17-17.90 (MOQ 100),100,A CONFIRMAR,A CONFIRMAR,"CE, RoHS (anuncio)",A CONFIRMAR (anunciado),Cumple,Cumple,A CONFIRMAR,Reserva,3,3,3,3,3,3.0,Puede ser el canal de hardware para el SDK FitCloudPro (candidato 4).
11,"Shenzhen Vivistar Technology Co., Ltd.",A CONFIRMAR,VY25 / ODM-OEM VY26 sin pantalla,https://vivistartech.en.alibaba.com,A CONFIRMAR,Fabricante (Verified Manufacturer),8 años,Verified Manufacturer,4.4-4.7/5,<=2-3 h,81-87 %,A CONFIRMAR,A CONFIRMAR,A CONFIRMAR,"FC, SpO2, pasos (ficha)",A CONFIRMAR,A CONFIRMAR,A CONFIRMAR,A CONFIRMAR,A CONFIRMAR,A CONFIRMAR,A CONFIRMAR,A CONFIRMAR,Sin pantalla,A CONFIRMAR,A CONFIRMAR,A CONFIRMAR,VY25: USD 10.50-11.20; VY26: USD 16.60-17.90 (MOQ 10),10,A CONFIRMAR,A CONFIRMAR,FCC (directorio),A CONFIRMAR,Cumple (ODM/OEM),Cumple,Cumple,Condicional (requiere SDK),2,3,4,3,3,2.85,Entrega a tiempo baja (81 %). Sin evidencia de SDK.
10,"Shenzhen Simple Fun Technology Co., Ltd.",A CONFIRMAR,"Y25 / S01 sin pantalla; histórico 'OEM Free SDK' Q8S, V1",https://simplefun.en.alibaba.com,A CONFIRMAR (anuncia 'Free SDK and API'),Fabricante (Verified Manufacturer),8 años (otro listado dice 1 año: A CONFIRMAR),Verified Manufacturer; Gold Supplier; Trade Assurance,4.8/5 (104 reseñas),<=3 h,97.4 %,A CONFIRMAR,A CONFIRMAR,A CONFIRMAR,"FC, sueño, pasos (ficha)",A CONFIRMAR,'Free SDK' (anuncio),A CONFIRMAR,A CONFIRMAR,A CONFIRMAR,A CONFIRMAR,A CONFIRMAR,A CONFIRMAR,Sin pantalla,A CONFIRMAR,A CONFIRMAR,A CONFIRMAR,USD 8.50-12.30 (MOQ 10),10,A CONFIRMAR,A CONFIRMAR,A CONFIRMAR,A CONFIRMAR (anunciado),A CONFIRMAR,Cumple,Cumple,Reserva,2,3,4,3,2,2.75,Probablemente revende firmware de terceros (Y25 lo venden muchos). Preguntar de quién es el SDK.
8,"Shenzhen Ultra Easy Technology Co., Ltd. (UTE)",GloryFit (SDK UTE: ute_sdk / UTESmartBandApi),Pulsera de catálogo UTE (modelo A CONFIRMAR),Tienda Alibaba A CONFIRMAR | perfil en Global Sources: https://ultraeasy.manufacturer.globalsources.com/,SDK no público. Wrapper Flutter comunitario (MIT): https://pub.dev/packages/flutter_band_fit,Fabricante (desde 2012; ~300 en I+D; fábrica de 4.000 m2),A CONFIRMAR,A CONFIRMAR,A CONFIRMAR,A CONFIRMAR,A CONFIRMAR,"Android, iOS (+ Flutter comunitario)",Nativo (A CONFIRMAR),SDK a pedido; wrapper comunitario publicado en jun-2026,"Pasos, sueño, FC, PA, SpO2, temperatura, deportes",A CONFIRMAR,A CONFIRMAR,A CONFIRMAR (tiene backend propio),A CONFIRMAR,A CONFIRMAR (algoritmo de pasos propio),A CONFIRMAR,A CONFIRMAR,A CONFIRMAR,A CONFIRMAR,A CONFIRMAR,A CONFIRMAR,A CONFIRMAR,A CONFIRMAR,A CONFIRMAR,A CONFIRMAR,A CONFIRMAR,A CONFIRMAR,Probable (SDK existe; acceso A CONFIRMAR),Cumple (customiza apps y diseños),A CONFIRMAR,A CONFIRMAR,Reserva,3,3,2,3,2,2.7,"Ecosistema muy difundido (GloryFit: 10M+ descargas), pero no se encontró tienda en Alibaba/MIC."
9,Shenzhen IUTECH / Iwown Technology,Iwown / Zeroner Health Pro,Pulsera i6 HR / serie i (modelo A CONFIRMAR),Global Sources: https://iu.manufacturer.globalsources.com/ | Alibaba A CONFIRMAR,https://github.com/iwown/Lib3Framework-iOS (CocoaPods BLE3Framework / BLEMidAutumn),Fabricante/exportador (Iwown desde 2011),A CONFIRMAR,A CONFIRMAR,A CONFIRMAR,A CONFIRMAR,A CONFIRMAR,iOS público; Android A CONFIRMAR,Obj-C / Swift (iOS),Repo iOS MIT con 173 commits y poca actividad; Android no encontrado,"Pasos, calorías, FC, sueño (ZRHealthData)",A CONFIRMAR,iOS MIT; Android A CONFIRMAR,A CONFIRMAR,A CONFIRMAR,A CONFIRMAR,A CONFIRMAR,A CONFIRMAR,A CONFIRMAR,A CONFIRMAR,A CONFIRMAR,A CONFIRMAR,A CONFIRMAR,A CONFIRMAR,A CONFIRMAR,A CONFIRMAR,A CONFIRMAR,A CONFIRMAR,A CONFIRMAR (falta Android),"Cumple (logo, packaging, app)",A CONFIRMAR,A CONFIRMAR,Reserva,3,3,2,3,2,2.7,El SDK de iOS parece viejo. Confirmar soporte actual de Android.
14,"Nanchang Nafan Technology Co., Ltd.",A CONFIRMAR,H59 Android Smart Bracelet SDK API,A CONFIRMAR (listado en electronics.alibaba.com),A CONFIRMAR (anuncia SDK/API),A CONFIRMAR,1 año,No verificado,5.0/5 (636 reseñas tienda),<=1 h,A CONFIRMAR,A CONFIRMAR,A CONFIRMAR,A CONFIRMAR,A CONFIRMAR,A CONFIRMAR,A CONFIRMAR,A CONFIRMAR,A CONFIRMAR,A CONFIRMAR,A CONFIRMAR,A CONFIRMAR,A CONFIRMAR,Sin pantalla,A CONFIRMAR,A CONFIRMAR,A CONFIRMAR,USD 10.60-12.80 (MOQ 8),8,A CONFIRMAR,A CONFIRMAR,A CONFIRMAR,A CONFIRMAR (anunciado),A CONFIRMAR,Cumple,Cumple,Reserva (riesgo proveedor),2,2,4,3,2,2.55,Trading reciente; H59 es un modelo genérico que venden muchos.
15,"Shenzhen Letine Technology Co., Ltd.",VeryFit (IDO) en ID107plus,I6 HRC 'with SDK' / ID107plus VeryFit,https://leiqing.en.alibaba.com,Si es firmware IDO: https://github.com/idoosmart,A CONFIRMAR,14 años,Supplier + Trade Assurance (dato viejo),A CONFIRMAR,82.1 % de respuesta,A CONFIRMAR,A CONFIRMAR,A CONFIRMAR,A CONFIRMAR,A CONFIRMAR,A CONFIRMAR,A CONFIRMAR,A CONFIRMAR,A CONFIRMAR,A CONFIRMAR,A CONFIRMAR,A CONFIRMAR,A CONFIRMAR,A CONFIRMAR,A CONFIRMAR,A CONFIRMAR,A CONFIRMAR,A CONFIRMAR,A CONFIRMAR,A CONFIRMAR,A CONFIRMAR,A CONFIRMAR,A CONFIRMAR,A CONFIRMAR,A CONFIRMAR,A CONFIRMAR,Reserva,3,3,2,2,2,2.55,Modelos viejos (ID107). Datos del directorio desactualizados.
13,"Shenzhen Tianpengyu Technology Co., Ltd. (Spovan)",A CONFIRMAR,Screenless Smart Band,https://spovan.en.alibaba.com,A CONFIRMAR,Fabricante,13 años,Verified Manufacturer,4.6/5 (101-222 reseñas),<=2 h,96.3 %,A CONFIRMAR,A CONFIRMAR,A CONFIRMAR,A CONFIRMAR,A CONFIRMAR,A CONFIRMAR,A CONFIRMAR,A CONFIRMAR,A CONFIRMAR,A CONFIRMAR,A CONFIRMAR,IP68,Sin pantalla,Magnética,A CONFIRMAR,A CONFIRMAR,USD 12.49-12.89 (MOQ 5-8),5-8,A CONFIRMAR,A CONFIRMAR,A CONFIRMAR,A CONFIRMAR,A CONFIRMAR,Cumple,Cumple,Condicional (requiere SDK),1,4,3,3,2,2.4,Sin mención de SDK.
16,VALDUS (Shenzhen Poofect Technology / Shenzhen Shengye Technology),A CONFIRMAR,"VALDUS VITRO ECG sin pantalla (OEM/ODM, logo)",Tiendas Poofect/Shengye en Alibaba A CONFIRMAR | https://valdus.manufacturer.globalsources.com/,A CONFIRMAR (ofrece 'OEM/ODM/SDK services'),Fabricante (desde 2010; 100 operarios),11-15 años,Verified,4.3-4.4/5 (542-913 reseñas),A CONFIRMAR,A CONFIRMAR,A CONFIRMAR,A CONFIRMAR,A CONFIRMAR,"ECG, FC (ficha)",A CONFIRMAR,A CONFIRMAR,A CONFIRMAR,A CONFIRMAR,A CONFIRMAR,A CONFIRMAR,A CONFIRMAR,A CONFIRMAR,Sin pantalla,A CONFIRMAR,A CONFIRMAR,A CONFIRMAR,USD 26.59-26.89 (MOQ 1),1,A CONFIRMAR,A CONFIRMAR,A CONFIRMAR,A CONFIRMAR (anunciado),Cumple,Cumple,Cumple,Reserva (caro),2,3,2,3,2,2.35,"Exporta a México, Brasil, Perú y Colombia (posibles homologaciones LATAM). Precio alto."
26,Shenzhen XZT Electronic / ShenZhen ZTX Technology,Apps genéricas (FitPro/QX),QX Air / H59 / G69 sin pantalla,https://ztxion.en.alibaba.com | https://ztx-tech.en.alibaba.com,No,Fabricante,7-10 años,Verified Manufacturer,4.3-4.4/5 (700-1.000 reseñas),<=3 h,97 %,No,No,No,A CONFIRMAR,A CONFIRMAR,A CONFIRMAR,A CONFIRMAR,A CONFIRMAR,A CONFIRMAR,A CONFIRMAR,A CONFIRMAR,IP67,Sin pantalla,A CONFIRMAR,A CONFIRMAR,A CONFIRMAR,USD 4.50-10.59,1-2,A CONFIRMAR,A CONFIRMAR,A CONFIRMAR,No cumple (sin SDK),A CONFIRMAR,Cumple,Cumple,Descartado,1,4,5,2,2,2.65,"Volumen masivo y barato, pero sin SDK."
17,"Shenzhen Chileaf Electronics Co., Ltd.",Chileaf (BLE + ANT+),Fitness Tracker Armband / XW100,https://chileaf.en.alibaba.com,A CONFIRMAR,Fabricante,7 años,Verified Manufacturer,4.3/5 (7 reseñas),<=5 h,88 %,A CONFIRMAR,A CONFIRMAR,A CONFIRMAR,FC (perfil BLE estándar); pasos A CONFIRMAR,A CONFIRMAR,A CONFIRMAR,A CONFIRMAR,A CONFIRMAR,A CONFIRMAR,A CONFIRMAR,Hasta 14 días (XW100),IPX7,"1.09"" TFT (XW100)",A CONFIRMAR,A CONFIRMAR,A CONFIRMAR,Brazalete USD 20-25; XW100 USD 35.80-37,2,A CONFIRMAR,A CONFIRMAR,"ISO, BSCI, FCC",A CONFIRMAR,A CONFIRMAR,Cumple,Cumple,"Descartado (foco en FC, precio alto)",2,3,2,3,4,2.55,"Está especializado en monitores de FC deportivos, no en podómetro de uso diario."
21,Shenzhen Moko Technology Ltd.,MOKO (beacons),W6 BLE Beacon Bracelet / NFC BLE 5.0 IP67,https://mokoiot.en.alibaba.com,SDK de beacons,Fabricante,9 años,Verified Manufacturer,4.2-4.9/5,<=4 h,94 %,"Android, iOS",A CONFIRMAR,A CONFIRMAR,Beacon/botón; sin podómetro,No,A CONFIRMAR,A CONFIRMAR,N/A,N/A,nRF51822/nRF52,A CONFIRMAR,IP67,No,A CONFIRMAR,A CONFIRMAR,A CONFIRMAR,USD 7-12,1-3,A CONFIRMAR,A CONFIRMAR,A CONFIRMAR,No cumple (no cuenta pasos),A CONFIRMAR,Cumple,Cumple,Descartado,1,4,4,1,3,2.4,
25,"Shenzhen Kingstar Technology Co., Ltd.",A CONFIRMAR,No Screen Smart Bracelet Activity Tracker,https://szikingstar.en.alibaba.com,A CONFIRMAR,Fabricante,9-10 años,Verified Manufacturer,4.2/5 (31-36 reseñas),<=6 h,89 %,A CONFIRMAR,A CONFIRMAR,A CONFIRMAR,A CONFIRMAR,A CONFIRMAR,A CONFIRMAR,A CONFIRMAR,A CONFIRMAR,A CONFIRMAR,A CONFIRMAR,A CONFIRMAR,10 m,Sin pantalla,A CONFIRMAR,A CONFIRMAR,A CONFIRMAR,USD 10-13 (MOQ 1),1,A CONFIRMAR,A CONFIRMAR,A CONFIRMAR,A CONFIRMAR,A CONFIRMAR,Cumple,Cumple,Descartado (sin SDK),1,3,3,3,2,2.2,
19,"Shenzhen Yucheng Innovation Technology Co., Ltd. (YCBT)",SmartHealth (firmware YCBT),Pulseras/anillos YCBT (modelo A CONFIRMAR),A CONFIRMAR,SDK oficial A CONFIRMAR; soporte comunitario: https://codeberg.org/Freeyourgadget/Gadgetbridge/pulls/6239,Fabricante A CONFIRMAR,A CONFIRMAR,A CONFIRMAR,A CONFIRMAR,A CONFIRMAR,A CONFIRMAR,A CONFIRMAR,A CONFIRMAR,Solo comunidad,"FC y SpO2 en vivo a 1 Hz, PA, sueño (comunidad)",A CONFIRMAR,A CONFIRMAR,A CONFIRMAR,A CONFIRMAR,A CONFIRMAR,A CONFIRMAR,A CONFIRMAR,A CONFIRMAR,A CONFIRMAR,A CONFIRMAR,A CONFIRMAR,A CONFIRMAR,A CONFIRMAR,A CONFIRMAR,A CONFIRMAR,A CONFIRMAR,A CONFIRMAR,A CONFIRMAR,A CONFIRMAR,A CONFIRMAR,A CONFIRMAR,Descartado (canal de compra no identificado),2,2,2,3,2,2.15,
23,"Shenzhen Fitcare Electronics Co., Ltd.",Fitcare (BLE + ANT+),F24H 3ATM Screenless Fitness Tracker,https://fitcare.en.alibaba.com,A CONFIRMAR,Fabricante (7 líneas),13 años,Verified Manufacturer,4.2-4.8/5 (3-5 reseñas),<=4-10 h,100 %,A CONFIRMAR,A CONFIRMAR,A CONFIRMAR,A CONFIRMAR,A CONFIRMAR,A CONFIRMAR,A CONFIRMAR,A CONFIRMAR,A CONFIRMAR,A CONFIRMAR,A CONFIRMAR,3ATM,Sin pantalla,A CONFIRMAR,A CONFIRMAR,A CONFIRMAR,USD 59 (MOQ 500),500,A CONFIRMAR,A CONFIRMAR,A CONFIRMAR,A CONFIRMAR,A CONFIRMAR,Cumple,A CONFIRMAR,Descartado (precio),2,3,1,3,2,2.15,
18,"Shenzhen Moyoung (MO YOUNG LIMITED, Da Fit)",Da Fit / Colmi Fit,Soluciones Da Fit (hardware de terceros),https://moyoung.manufacturer.globalsources.com/ | Alibaba A CONFIRMAR,SDK oficial no público; protocolo de comunidad: https://gadgetbridge.org/internals/specifics/moyoung-protocol/,"Casa de soluciones (~100 personas), no fabricante",A CONFIRMAR,A CONFIRMAR,A CONFIRMAR,A CONFIRMAR,A CONFIRMAR,A CONFIRMAR,A CONFIRMAR,Solo comunidad,"Pasos, FC, sueño (comunidad)",A CONFIRMAR,A CONFIRMAR,A CONFIRMAR,A CONFIRMAR,A CONFIRMAR,A CONFIRMAR,A CONFIRMAR,A CONFIRMAR,A CONFIRMAR,A CONFIRMAR,A CONFIRMAR,A CONFIRMAR,A CONFIRMAR,A CONFIRMAR,A CONFIRMAR,A CONFIRMAR,A CONFIRMAR,A CONFIRMAR,A CONFIRMAR,A CONFIRMAR,A CONFIRMAR,"Descartado (sin SDK verificable, no fabrica)",2,2,2,2,2,2.0,
22,"Shenzhen Vanzone Technology Co., Ltd.",A CONFIRMAR,Smart watch (SDK para app propia),https://cnvanzone.en.made-in-china.com/,A CONFIRMAR ('Providing SDK for your own APP'),Fabricante (MIC),Desde 2016,ISO 9001; Audited A CONFIRMAR,A CONFIRMAR,A CONFIRMAR,A CONFIRMAR,A CONFIRMAR,A CONFIRMAR,A CONFIRMAR,A CONFIRMAR,A CONFIRMAR,A CONFIRMAR,A CONFIRMAR,"Customiza firmware, UI y logo",A CONFIRMAR,A CONFIRMAR,A CONFIRMAR,A CONFIRMAR,A CONFIRMAR,A CONFIRMAR,A CONFIRMAR,A CONFIRMAR,A CONFIRMAR,A CONFIRMAR,Logo gratis (según MIC),A CONFIRMAR,A CONFIRMAR,A CONFIRMAR,Cumple,A CONFIRMAR,A CONFIRMAR,"Descartado (catálogo centrado en auriculares, sin pulsera clara)",2,2,2,2,2,2.0,Es el único candidato con origen en Made-in-China.
24,"Guangdong Eternity Electronics Co., Ltd.",A CONFIRMAR,ETQ13 No Screen Smart Bracelet,https://eternitytech.en.alibaba.com,A CONFIRMAR,A CONFIRMAR,2 años,Verified Supplier,4.5-4.8/5,<=2 h,94.1 %,A CONFIRMAR,A CONFIRMAR,A CONFIRMAR,"ECG, temperatura (ficha)",A CONFIRMAR,A CONFIRMAR,A CONFIRMAR,A CONFIRMAR,A CONFIRMAR,A CONFIRMAR,A CONFIRMAR,IPX8,Sin pantalla,A CONFIRMAR,A CONFIRMAR,A CONFIRMAR,USD 12.59-13.99 (MOQ 10),10,A CONFIRMAR,A CONFIRMAR,A CONFIRMAR,A CONFIRMAR,Cumple (Custom ODM),Cumple,Cumple,"Descartado (sin SDK, poca trayectoria)",1,2,3,3,2,2.0,
20,"Shenzhen Minew Technologies Co., Ltd.",Minew (BeaconSET+),B6 IoT Programmable Bracelet,"Alibaba (Minew, 10-15 años)",SDK Minew (beacons),Fabricante,10-15 años,Verified,4.9/5 (883-968 reseñas),A CONFIRMAR,A CONFIRMAR,"Android, iOS",A CONFIRMAR,Sí (beacons),Beacon/acelerómetro; sin histórico de pasos,No (beacon),A CONFIRMAR,No,N/A,N/A,Nordic A CONFIRMAR,A CONFIRMAR,IP67,No,A CONFIRMAR,A CONFIRMAR,A CONFIRMAR,USD 84.9 (listado),3,A CONFIRMAR,A CONFIRMAR,A CONFIRMAR,No cumple (no es podómetro con histórico),A CONFIRMAR,Cumple,Cumple,Descartado,1,4,1,2,3,1.95,"Producto de localización (IoT), no de fitness."
